segment,household_count,avg_beverage_spend,avg_promo_share,avg_repeat_rate
Coupon-Driven Shoppers,123,123.11357723577235,0.7779844220772798,0.18659333652160048
High-Value Beverage Buyers,622,676.5105627009647,0.6301477443586615,0.7907445936573987
Low-Engagement Shoppers,188,86.74574468085106,0.2766599250336306,0.2189194826866917
Promo-Sensitive Shoppers,1554,134.55092020592022,0.6713635787877432,0.27702702702702703
